time_view,weekday_num,weekday_name,hour_of_day,email_count
1. UTC (Global),1,Monday,0,242
1. UTC (Global),1,Monday,1,242
1. UTC (Global),1,Monday,2,210
1. UTC (Global),1,Monday,3,192
1. UTC (Global),1,Monday,4,172
1. UTC (Global),1,Monday,5,190
1. UTC (Global),1,Monday,6,312
1. UTC (Global),1,Monday,7,687
1. UTC (Global),1,Monday,8,1625
1. UTC (Global),1,Monday,9,2182
1. UTC (Global),1,Monday,10,2527
1. UTC (Global),1,Monday,11,2329
1. UTC (Global),1,Monday,12,2209
1. UTC (Global),1,Monday,13,3113
1. UTC (Global),1,Monday,14,4027
1. UTC (Global),1,Monday,15,4348
1. UTC (Global),1,Monday,16,4315
1. UTC (Global),1,Monday,17,3558
1. UTC (Global),1,Monday,18,2887
1. UTC (Global),1,Monday,19,2588
1. UTC (Global),1,Monday,20,2619
1. UTC (Global),1,Monday,21,2465
1. UTC (Global),1,Monday,22,2252
1. UTC (Global),1,Monday,23,1488
1. UTC (Global),2,Tuesday,0,1239
1. UTC (Global),2,Tuesday,1,794
1. UTC (Global),2,Tuesday,2,610
1. UTC (Global),2,Tuesday,3,498
1. UTC (Global),2,Tuesday,4,345
1. UTC (Global),2,Tuesday,5,312
1. UTC (Global),2,Tuesday,6,382
1. UTC (Global),2,Tuesday,7,810
1. UTC (Global),2,Tuesday,8,1802
1. UTC (Global),2,Tuesday,9,2687
1. UTC (Global),2,Tuesday,10,2673
1. UTC (Global),2,Tuesday,11,2557
1. UTC (Global),2,Tuesday,12,2223
1. UTC (Global),2,Tuesday,13,3267
1. UTC (Global),2,Tuesday,14,4050
1. UTC (Global),2,Tuesday,15,4529
1. UTC (Global),2,Tuesday,16,4533
1. UTC (Global),2,Tuesday,17,3834
1. UTC (Global),2,Tuesday,18,2989
1. UTC (Global),2,Tuesday,19,2768
1. UTC (Global),2,Tuesday,20,2506
1. UTC (Global),2,Tuesday,21,2445
1. UTC (Global),2,Tuesday,22,2791
1. UTC (Global),2,Tuesday,23,1552
1. UTC (Global),3,Wednesday,0,1051
1. UTC (Global),3,Wednesday,1,733
1. UTC (Global),3,Wednesday,2,586
1. UTC (Global),3,Wednesday,3,460
1. UTC (Global),3,Wednesday,4,327
1. UTC (Global),3,Wednesday,5,316
1. UTC (Global),3,Wednesday,6,382
1. UTC (Global),3,Wednesday,7,895
1. UTC (Global),3,Wednesday,8,2022
1. UTC (Global),3,Wednesday,9,2499
1. UTC (Global),3,Wednesday,10,2534
1. UTC (Global),3,Wednesday,11,2491
1. UTC (Global),3,Wednesday,12,2135
1. UTC (Global),3,Wednesday,13,3260
1. UTC (Global),3,Wednesday,14,4039
1. UTC (Global),3,Wednesday,15,4411
1. UTC (Global),3,Wednesday,16,4467
1. UTC (Global),3,Wednesday,17,3707
1. UTC (Global),3,Wednesday,18,2883
1. UTC (Global),3,Wednesday,19,2559
1. UTC (Global),3,Wednesday,20,2408
1. UTC (Global),3,Wednesday,21,2396
1. UTC (Global),3,Wednesday,22,1967
1. UTC (Global),3,Wednesday,23,2544
1. UTC (Global),4,Thursday,0,902
1. UTC (Global),4,Thursday,1,777
1. UTC (Global),4,Thursday,2,531
1. UTC (Global),4,Thursday,3,385
1. UTC (Global),4,Thursday,4,332
1. UTC (Global),4,Thursday,5,310
1. UTC (Global),4,Thursday,6,381
1. UTC (Global),4,Thursday,7,769
1. UTC (Global),4,Thursday,8,1684
1. UTC (Global),4,Thursday,9,2324
1. UTC (Global),4,Thursday,10,2410
1. UTC (Global),4,Thursday,11,2275
1. UTC (Global),4,Thursday,12,2014
1. UTC (Global),4,Thursday,13,2968
1. UTC (Global),4,Thursday,14,3629
1. UTC (Global),4,Thursday,15,4187
1. UTC (Global),4,Thursday,16,4066
1. UTC (Global),4,Thursday,17,3441
1. UTC (Global),4,Thursday,18,2832
1. UTC (Global),4,Thursday,19,2455
1. UTC (Global),4,Thursday,20,2337
1. UTC (Global),4,Thursday,21,2196
1. UTC (Global),4,Thursday,22,1956
1. UTC (Global),4,Thursday,23,1303
1. UTC (Global),5,Friday,0,924
1. UTC (Global),5,Friday,1,656
1. UTC (Global),5,Friday,2,493
1. UTC (Global),5,Friday,3,373
1. UTC (Global),5,Friday,4,344
1. UTC (Global),5,Friday,5,293
1. UTC (Global),5,Friday,6,295
1. UTC (Global),5,Friday,7,756
1. UTC (Global),5,Friday,8,1623
1. UTC (Global),5,Friday,9,2117
1. UTC (Global),5,Friday,10,2393
1. UTC (Global),5,Friday,11,2109
1. UTC (Global),5,Friday,12,1891
1. UTC (Global),5,Friday,13,2861
1. UTC (Global),5,Friday,14,3447
1. UTC (Global),5,Friday,15,3701
1. UTC (Global),5,Friday,16,3874
1. UTC (Global),5,Friday,17,3038
1. UTC (Global),5,Friday,18,2265
1. UTC (Global),5,Friday,19,2146
1. UTC (Global),5,Friday,20,2097
1. UTC (Global),5,Friday,21,1954
1. UTC (Global),5,Friday,22,1544
1. UTC (Global),5,Friday,23,880
1. UTC (Global),6,Saturday,0,599
1. UTC (Global),6,Saturday,1,458
1. UTC (Global),6,Saturday,2,327
1. UTC (Global),6,Saturday,3,251
1. UTC (Global),6,Saturday,4,224
1. UTC (Global),6,Saturday,5,116
1. UTC (Global),6,Saturday,6,129
1. UTC (Global),6,Saturday,7,138
1. UTC (Global),6,Saturday,8,149
1. UTC (Global),6,Saturday,9,173
1. UTC (Global),6,Saturday,10,195
1. UTC (Global),6,Saturday,11,182
1. UTC (Global),6,Saturday,12,183
1. UTC (Global),6,Saturday,13,210
1. UTC (Global),6,Saturday,14,242
1. UTC (Global),6,Saturday,15,262
1. UTC (Global),6,Saturday,16,260
1. UTC (Global),6,Saturday,17,221
1. UTC (Global),6,Saturday,18,195
1. UTC (Global),6,Saturday,19,174
1. UTC (Global),6,Saturday,20,178
1. UTC (Global),6,Saturday,21,139
1. UTC (Global),6,Saturday,22,177
1. UTC (Global),6,Saturday,23,165
1. UTC (Global),7,Sunday,0,141
1. UTC (Global),7,Sunday,1,104
1. UTC (Global),7,Sunday,2,99
1. UTC (Global),7,Sunday,3,94
1. UTC (Global),7,Sunday,4,91
1. UTC (Global),7,Sunday,5,58
1. UTC (Global),7,Sunday,6,71
1. UTC (Global),7,Sunday,7,75
1. UTC (Global),7,Sunday,8,133
1. UTC (Global),7,Sunday,9,177
1. UTC (Global),7,Sunday,10,190
1. UTC (Global),7,Sunday,11,215
1. UTC (Global),7,Sunday,12,181
1. UTC (Global),7,Sunday,13,205
1. UTC (Global),7,Sunday,14,214
1. UTC (Global),7,Sunday,15,263
1. UTC (Global),7,Sunday,16,277
1. UTC (Global),7,Sunday,17,311
1. UTC (Global),7,Sunday,18,286
1. UTC (Global),7,Sunday,19,294
1. UTC (Global),7,Sunday,20,365
1. UTC (Global),7,Sunday,21,343
1. UTC (Global),7,Sunday,22,295
1. UTC (Global),7,Sunday,23,288
2. Portland (West Desk),1,Monday,0,1151
2. Portland (West Desk),1,Monday,1,1871
2. Portland (West Desk),1,Monday,2,2377
2. Portland (West Desk),1,Monday,3,2311
2. Portland (West Desk),1,Monday,4,2288
2. Portland (West Desk),1,Monday,5,2587
2. Portland (West Desk),1,Monday,6,3621
2. Portland (West Desk),1,Monday,7,4340
2. Portland (West Desk),1,Monday,8,4486
2. Portland (West Desk),1,Monday,9,3799
2. Portland (West Desk),1,Monday,10,2987
2. Portland (West Desk),1,Monday,11,2913
2. Portland (West Desk),1,Monday,12,2664
2. Portland (West Desk),1,Monday,13,2586
2. Portland (West Desk),1,Monday,14,2442
2. Portland (West Desk),1,Monday,15,1827
2. Portland (West Desk),1,Monday,16,1410
2. Portland (West Desk),1,Monday,17,891
2. Portland (West Desk),1,Monday,18,653
2. Portland (West Desk),1,Monday,19,544
2. Portland (West Desk),1,Monday,20,441
2. Portland (West Desk),1,Monday,21,347
2. Portland (West Desk),1,Monday,22,359
2. Portland (West Desk),1,Monday,23,569
2. Portland (West Desk),2,Tuesday,0,1301
2. Portland (West Desk),2,Tuesday,1,2201
2. Portland (West Desk),2,Tuesday,2,2729
2. Portland (West Desk),2,Tuesday,3,2539
2. Portland (West Desk),2,Tuesday,4,2266
2. Portland (West Desk),2,Tuesday,5,2655
2. Portland (West Desk),2,Tuesday,6,3803
2. Portland (West Desk),2,Tuesday,7,4391
2. Portland (West Desk),2,Tuesday,8,4622
2. Portland (West Desk),2,Tuesday,9,4166
2. Portland (West Desk),2,Tuesday,10,3229
2. Portland (West Desk),2,Tuesday,11,2972
2. Portland (West Desk),2,Tuesday,12,2673
2. Portland (West Desk),2,Tuesday,13,2475
2. Portland (West Desk),2,Tuesday,14,2382
2. Portland (West Desk),2,Tuesday,15,2462
2. Portland (West Desk),2,Tuesday,16,1314
2. Portland (West Desk),2,Tuesday,17,889
2. Portland (West Desk),2,Tuesday,18,635
2. Portland (West Desk),2,Tuesday,19,516
2. Portland (West Desk),2,Tuesday,20,391
2. Portland (West Desk),2,Tuesday,21,346
2. Portland (West Desk),2,Tuesday,22,331
2. Portland (West Desk),2,Tuesday,23,607
2. Portland (West Desk),3,Wednesday,0,1415
2. Portland (West Desk),3,Wednesday,1,2311
2. Portland (West Desk),3,Wednesday,2,2511
2. Portland (West Desk),3,Wednesday,3,2503
2. Portland (West Desk),3,Wednesday,4,2198
2. Portland (West Desk),3,Wednesday,5,2599
2. Portland (West Desk),3,Wednesday,6,3803
2. Portland (West Desk),3,Wednesday,7,4217
2. Portland (West Desk),3,Wednesday,8,4601
2. Portland (West Desk),3,Wednesday,9,4110
2. Portland (West Desk),3,Wednesday,10,3095
2. Portland (West Desk),3,Wednesday,11,2743
2. Portland (West Desk),3,Wednesday,12,2527
2. Portland (West Desk),3,Wednesday,13,2402
2. Portland (West Desk),3,Wednesday,14,2191
2. Portland (West Desk),3,Wednesday,15,1777
2. Portland (West Desk),3,Wednesday,16,2240
2. Portland (West Desk),3,Wednesday,17,902
2. Portland (West Desk),3,Wednesday,18,580
2. Portland (West Desk),3,Wednesday,19,449
2. Portland (West Desk),3,Wednesday,20,367
2. Portland (West Desk),3,Wednesday,21,353
2. Portland (West Desk),3,Wednesday,22,360
2. Portland (West Desk),3,Wednesday,23,520
2. Portland (West Desk),4,Thursday,0,1196
2. Portland (West Desk),4,Thursday,1,1988
2. Portland (West Desk),4,Thursday,2,2350
2. Portland (West Desk),4,Thursday,3,2332
2. Portland (West Desk),4,Thursday,4,2066
2. Portland (West Desk),4,Thursday,5,2398
2. Portland (West Desk),4,Thursday,6,3275
2. Portland (West Desk),4,Thursday,7,4051
2. Portland (West Desk),4,Thursday,8,4124
2. Portland (West Desk),4,Thursday,9,3782
2. Portland (West Desk),4,Thursday,10,3009
2. Portland (West Desk),4,Thursday,11,2688
2. Portland (West Desk),4,Thursday,12,2397
2. Portland (West Desk),4,Thursday,13,2281
2. Portland (West Desk),4,Thursday,14,2203
2. Portland (West Desk),4,Thursday,15,1668
2. Portland (West Desk),4,Thursday,16,1070
2. Portland (West Desk),4,Thursday,17,852
2. Portland (West Desk),4,Thursday,18,547
2. Portland (West Desk),4,Thursday,19,442
2. Portland (West Desk),4,Thursday,20,352
2. Portland (West Desk),4,Thursday,21,357
2. Portland (West Desk),4,Thursday,22,290
2. Portland (West Desk),4,Thursday,23,483
2. Portland (West Desk),5,Friday,0,1138
2. Portland (West Desk),5,Friday,1,1886
2. Portland (West Desk),5,Friday,2,2287
2. Portland (West Desk),5,Friday,3,2157
2. Portland (West Desk),5,Friday,4,1977
2. Portland (West Desk),5,Friday,5,2244
2. Portland (West Desk),5,Friday,6,3134
2. Portland (West Desk),5,Friday,7,3707
2. Portland (West Desk),5,Friday,8,3894
2. Portland (West Desk),5,Friday,9,3473
2. Portland (West Desk),5,Friday,10,2486
2. Portland (West Desk),5,Friday,11,2279
2. Portland (West Desk),5,Friday,12,2083
2. Portland (West Desk),5,Friday,13,2112
2. Portland (West Desk),5,Friday,14,1797
2. Portland (West Desk),5,Friday,15,1309
2. Portland (West Desk),5,Friday,16,659
2. Portland (West Desk),5,Friday,17,591
2. Portland (West Desk),5,Friday,18,352
2. Portland (West Desk),5,Friday,19,307
2. Portland (West Desk),5,Friday,20,223
2. Portland (West Desk),5,Friday,21,186
2. Portland (West Desk),5,Friday,22,128
2. Portland (West Desk),5,Friday,23,128
2. Portland (West Desk),6,Saturday,0,148
2. Portland (West Desk),6,Saturday,1,172
2. Portland (West Desk),6,Saturday,2,182
2. Portland (West Desk),6,Saturday,3,175
2. Portland (West Desk),6,Saturday,4,179
2. Portland (West Desk),6,Saturday,5,213
2. Portland (West Desk),6,Saturday,6,202
2. Portland (West Desk),6,Saturday,7,250
2. Portland (West Desk),6,Saturday,8,271
2. Portland (West Desk),6,Saturday,9,258
2. Portland (West Desk),6,Saturday,10,202
2. Portland (West Desk),6,Saturday,11,173
2. Portland (West Desk),6,Saturday,12,191
2. Portland (West Desk),6,Saturday,13,145
2. Portland (West Desk),6,Saturday,14,180
2. Portland (West Desk),6,Saturday,15,157
2. Portland (West Desk),6,Saturday,16,144
2. Portland (West Desk),6,Saturday,17,116
2. Portland (West Desk),6,Saturday,18,107
2. Portland (West Desk),6,Saturday,19,101
2. Portland (West Desk),6,Saturday,20,100
2. Portland (West Desk),6,Saturday,21,68
2. Portland (West Desk),6,Saturday,22,70
2. Portland (West Desk),6,Saturday,23,69
2. Portland (West Desk),7,Sunday,0,98
2. Portland (West Desk),7,Sunday,1,165
2. Portland (West Desk),7,Sunday,2,188
2. Portland (West Desk),7,Sunday,3,190
2. Portland (West Desk),7,Sunday,4,192
2. Portland (West Desk),7,Sunday,5,206
2. Portland (West Desk),7,Sunday,6,227
2. Portland (West Desk),7,Sunday,7,234
2. Portland (West Desk),7,Sunday,8,276
2. Portland (West Desk),7,Sunday,9,294
2. Portland (West Desk),7,Sunday,10,302
2. Portland (West Desk),7,Sunday,11,279
2. Portland (West Desk),7,Sunday,12,342
2. Portland (West Desk),7,Sunday,13,346
2. Portland (West Desk),7,Sunday,14,314
2. Portland (West Desk),7,Sunday,15,286
2. Portland (West Desk),7,Sunday,16,259
2. Portland (West Desk),7,Sunday,17,252
2. Portland (West Desk),7,Sunday,18,224
2. Portland (West Desk),7,Sunday,19,212
2. Portland (West Desk),7,Sunday,20,169
2. Portland (West Desk),7,Sunday,21,182
2. Portland (West Desk),7,Sunday,22,272
2. Portland (West Desk),7,Sunday,23,449
3. Houston (HQ),1,Monday,0,272
3. Houston (HQ),1,Monday,1,449
3. Houston (HQ),1,Monday,2,1151
3. Houston (HQ),1,Monday,3,1871
3. Houston (HQ),1,Monday,4,2377
3. Houston (HQ),1,Monday,5,2311
3. Houston (HQ),1,Monday,6,2288
3. Houston (HQ),1,Monday,7,2587
3. Houston (HQ),1,Monday,8,3621
3. Houston (HQ),1,Monday,9,4340
3. Houston (HQ),1,Monday,10,4486
3. Houston (HQ),1,Monday,11,3799
3. Houston (HQ),1,Monday,12,2987
3. Houston (HQ),1,Monday,13,2913
3. Houston (HQ),1,Monday,14,2664
3. Houston (HQ),1,Monday,15,2586
3. Houston (HQ),1,Monday,16,2442
3. Houston (HQ),1,Monday,17,1827
3. Houston (HQ),1,Monday,18,1410
3. Houston (HQ),1,Monday,19,891
3. Houston (HQ),1,Monday,20,653
3. Houston (HQ),1,Monday,21,544
3. Houston (HQ),1,Monday,22,441
3. Houston (HQ),1,Monday,23,347
3. Houston (HQ),2,Tuesday,0,359
3. Houston (HQ),2,Tuesday,1,569
3. Houston (HQ),2,Tuesday,2,1301
3. Houston (HQ),2,Tuesday,3,2201
3. Houston (HQ),2,Tuesday,4,2729
3. Houston (HQ),2,Tuesday,5,2539
3. Houston (HQ),2,Tuesday,6,2266
3. Houston (HQ),2,Tuesday,7,2655
3. Houston (HQ),2,Tuesday,8,3803
3. Houston (HQ),2,Tuesday,9,4391
3. Houston (HQ),2,Tuesday,10,4622
3. Houston (HQ),2,Tuesday,11,4166
3. Houston (HQ),2,Tuesday,12,3229
3. Houston (HQ),2,Tuesday,13,2972
3. Houston (HQ),2,Tuesday,14,2673
3. Houston (HQ),2,Tuesday,15,2475
3. Houston (HQ),2,Tuesday,16,2382
3. Houston (HQ),2,Tuesday,17,2462
3. Houston (HQ),2,Tuesday,18,1314
3. Houston (HQ),2,Tuesday,19,889
3. Houston (HQ),2,Tuesday,20,635
3. Houston (HQ),2,Tuesday,21,516
3. Houston (HQ),2,Tuesday,22,391
3. Houston (HQ),2,Tuesday,23,346
3. Houston (HQ),3,Wednesday,0,331
3. Houston (HQ),3,Wednesday,1,607
3. Houston (HQ),3,Wednesday,2,1415
3. Houston (HQ),3,Wednesday,3,2311
3. Houston (HQ),3,Wednesday,4,2511
3. Houston (HQ),3,Wednesday,5,2503
3. Houston (HQ),3,Wednesday,6,2198
3. Houston (HQ),3,Wednesday,7,2599
3. Houston (HQ),3,Wednesday,8,3803
3. Houston (HQ),3,Wednesday,9,4217
3. Houston (HQ),3,Wednesday,10,4601
3. Houston (HQ),3,Wednesday,11,4110
3. Houston (HQ),3,Wednesday,12,3095
3. Houston (HQ),3,Wednesday,13,2743
3. Houston (HQ),3,Wednesday,14,2527
3. Houston (HQ),3,Wednesday,15,2402
3. Houston (HQ),3,Wednesday,16,2191
3. Houston (HQ),3,Wednesday,17,1777
3. Houston (HQ),3,Wednesday,18,2240
3. Houston (HQ),3,Wednesday,19,902
3. Houston (HQ),3,Wednesday,20,580
3. Houston (HQ),3,Wednesday,21,449
3. Houston (HQ),3,Wednesday,22,367
3. Houston (HQ),3,Wednesday,23,353
3. Houston (HQ),4,Thursday,0,360
3. Houston (HQ),4,Thursday,1,520
3. Houston (HQ),4,Thursday,2,1196
3. Houston (HQ),4,Thursday,3,1988
3. Houston (HQ),4,Thursday,4,2350
3. Houston (HQ),4,Thursday,5,2332
3. Houston (HQ),4,Thursday,6,2066
3. Houston (HQ),4,Thursday,7,2398
3. Houston (HQ),4,Thursday,8,3275
3. Houston (HQ),4,Thursday,9,4051
3. Houston (HQ),4,Thursday,10,4124
3. Houston (HQ),4,Thursday,11,3782
3. Houston (HQ),4,Thursday,12,3009
3. Houston (HQ),4,Thursday,13,2688
3. Houston (HQ),4,Thursday,14,2397
3. Houston (HQ),4,Thursday,15,2281
3. Houston (HQ),4,Thursday,16,2203
3. Houston (HQ),4,Thursday,17,1668
3. Houston (HQ),4,Thursday,18,1070
3. Houston (HQ),4,Thursday,19,852
3. Houston (HQ),4,Thursday,20,547
3. Houston (HQ),4,Thursday,21,442
3. Houston (HQ),4,Thursday,22,352
3. Houston (HQ),4,Thursday,23,357
3. Houston (HQ),5,Friday,0,290
3. Houston (HQ),5,Friday,1,483
3. Houston (HQ),5,Friday,2,1138
3. Houston (HQ),5,Friday,3,1886
3. Houston (HQ),5,Friday,4,2287
3. Houston (HQ),5,Friday,5,2157
3. Houston (HQ),5,Friday,6,1977
3. Houston (HQ),5,Friday,7,2244
3. Houston (HQ),5,Friday,8,3134
3. Houston (HQ),5,Friday,9,3707
3. Houston (HQ),5,Friday,10,3894
3. Houston (HQ),5,Friday,11,3473
3. Houston (HQ),5,Friday,12,2486
3. Houston (HQ),5,Friday,13,2279
3. Houston (HQ),5,Friday,14,2083
3. Houston (HQ),5,Friday,15,2112
3. Houston (HQ),5,Friday,16,1797
3. Houston (HQ),5,Friday,17,1309
3. Houston (HQ),5,Friday,18,659
3. Houston (HQ),5,Friday,19,591
3. Houston (HQ),5,Friday,20,352
3. Houston (HQ),5,Friday,21,307
3. Houston (HQ),5,Friday,22,223
3. Houston (HQ),5,Friday,23,186
3. Houston (HQ),6,Saturday,0,128
3. Houston (HQ),6,Saturday,1,128
3. Houston (HQ),6,Saturday,2,148
3. Houston (HQ),6,Saturday,3,172
3. Houston (HQ),6,Saturday,4,182
3. Houston (HQ),6,Saturday,5,175
3. Houston (HQ),6,Saturday,6,179
3. Houston (HQ),6,Saturday,7,213
3. Houston (HQ),6,Saturday,8,202
3. Houston (HQ),6,Saturday,9,250
3. Houston (HQ),6,Saturday,10,271
3. Houston (HQ),6,Saturday,11,258
3. Houston (HQ),6,Saturday,12,202
3. Houston (HQ),6,Saturday,13,173
3. Houston (HQ),6,Saturday,14,191
3. Houston (HQ),6,Saturday,15,145
3. Houston (HQ),6,Saturday,16,180
3. Houston (HQ),6,Saturday,17,157
3. Houston (HQ),6,Saturday,18,144
3. Houston (HQ),6,Saturday,19,116
3. Houston (HQ),6,Saturday,20,107
3. Houston (HQ),6,Saturday,21,101
3. Houston (HQ),6,Saturday,22,100
3. Houston (HQ),6,Saturday,23,68
3. Houston (HQ),7,Sunday,0,70
3. Houston (HQ),7,Sunday,1,72
3. Houston (HQ),7,Sunday,2,102
3. Houston (HQ),7,Sunday,3,156
3. Houston (HQ),7,Sunday,4,190
3. Houston (HQ),7,Sunday,5,190
3. Houston (HQ),7,Sunday,6,192
3. Houston (HQ),7,Sunday,7,206
3. Houston (HQ),7,Sunday,8,227
3. Houston (HQ),7,Sunday,9,234
3. Houston (HQ),7,Sunday,10,276
3. Houston (HQ),7,Sunday,11,294
3. Houston (HQ),7,Sunday,12,302
3. Houston (HQ),7,Sunday,13,279
3. Houston (HQ),7,Sunday,14,342
3. Houston (HQ),7,Sunday,15,346
3. Houston (HQ),7,Sunday,16,314
3. Houston (HQ),7,Sunday,17,286
3. Houston (HQ),7,Sunday,18,259
3. Houston (HQ),7,Sunday,19,252
3. Houston (HQ),7,Sunday,20,224
3. Houston (HQ),7,Sunday,21,212
3. Houston (HQ),7,Sunday,22,169
3. Houston (HQ),7,Sunday,23,182
4. London (Europe),1,Monday,0,258
4. London (Europe),1,Monday,1,249
4. London (Europe),1,Monday,2,227
4. London (Europe),1,Monday,3,212
4. London (Europe),1,Monday,4,171
4. London (Europe),1,Monday,5,180
4. London (Europe),1,Monday,6,269
4. London (Europe),1,Monday,7,435
4. London (Europe),1,Monday,8,1111
4. London (Europe),1,Monday,9,1871
4. London (Europe),1,Monday,10,2374
4. London (Europe),1,Monday,11,2333
4. London (Europe),1,Monday,12,2283
4. London (Europe),1,Monday,13,2584
4. London (Europe),1,Monday,14,3616
4. London (Europe),1,Monday,15,4359
4. London (Europe),1,Monday,16,4468
4. London (Europe),1,Monday,17,3806
4. London (Europe),1,Monday,18,3017
4. London (Europe),1,Monday,19,2913
4. London (Europe),1,Monday,20,2662
4. London (Europe),1,Monday,21,2578
4. London (Europe),1,Monday,22,2449
4. London (Europe),1,Monday,23,1829
4. London (Europe),2,Tuesday,0,1416
4. London (Europe),2,Tuesday,1,894
4. London (Europe),2,Tuesday,2,657
4. London (Europe),2,Tuesday,3,542
4. London (Europe),2,Tuesday,4,442
4. London (Europe),2,Tuesday,5,350
4. London (Europe),2,Tuesday,6,353
4. London (Europe),2,Tuesday,7,563
4. London (Europe),2,Tuesday,8,1285
4. London (Europe),2,Tuesday,9,2194
4. London (Europe),2,Tuesday,10,2718
4. London (Europe),2,Tuesday,11,2536
4. London (Europe),2,Tuesday,12,2282
4. London (Europe),2,Tuesday,13,2650
4. London (Europe),2,Tuesday,14,3798
4. London (Europe),2,Tuesday,15,4386
4. London (Europe),2,Tuesday,16,4627
4. London (Europe),2,Tuesday,17,4165
4. London (Europe),2,Tuesday,18,3250
4. London (Europe),2,Tuesday,19,2970
4. London (Europe),2,Tuesday,20,2669
4. London (Europe),2,Tuesday,21,2481
4. London (Europe),2,Tuesday,22,2392
4. London (Europe),2,Tuesday,23,2466
4. London (Europe),3,Wednesday,0,1310
4. London (Europe),3,Wednesday,1,892
4. London (Europe),3,Wednesday,2,637
4. London (Europe),3,Wednesday,3,516
4. London (Europe),3,Wednesday,4,398
4. London (Europe),3,Wednesday,5,344
4. London (Europe),3,Wednesday,6,329
4. London (Europe),3,Wednesday,7,588
4. London (Europe),3,Wednesday,8,1403
4. London (Europe),3,Wednesday,9,2307
4. London (Europe),3,Wednesday,10,2496
4. London (Europe),3,Wednesday,11,2501
4. London (Europe),3,Wednesday,12,2220
4. London (Europe),3,Wednesday,13,2597
4. London (Europe),3,Wednesday,14,3752
4. London (Europe),3,Wednesday,15,4270
4. London (Europe),3,Wednesday,16,4583
4. London (Europe),3,Wednesday,17,4124
4. London (Europe),3,Wednesday,18,3117
4. London (Europe),3,Wednesday,19,2746
4. London (Europe),3,Wednesday,20,2529
4. London (Europe),3,Wednesday,21,2390
4. London (Europe),3,Wednesday,22,2204
4. London (Europe),3,Wednesday,23,1778
4. London (Europe),4,Thursday,0,2242
4. London (Europe),4,Thursday,1,900
4. London (Europe),4,Thursday,2,579
4. London (Europe),4,Thursday,3,451
4. London (Europe),4,Thursday,4,374
4. London (Europe),4,Thursday,5,351
4. London (Europe),4,Thursday,6,359
4. London (Europe),4,Thursday,7,503
4. London (Europe),4,Thursday,8,1180
4. London (Europe),4,Thursday,9,1978
4. London (Europe),4,Thursday,10,2355
4. London (Europe),4,Thursday,11,2335
4. London (Europe),4,Thursday,12,2073
4. London (Europe),4,Thursday,13,2389
4. London (Europe),4,Thursday,14,3265
4. London (Europe),4,Thursday,15,4049
4. London (Europe),4,Thursday,16,4131
4. London (Europe),4,Thursday,17,3794
4. London (Europe),4,Thursday,18,3009
4. London (Europe),4,Thursday,19,2700
4. London (Europe),4,Thursday,20,2405
4. London (Europe),4,Thursday,21,2281
4. London (Europe),4,Thursday,22,2204
4. London (Europe),4,Thursday,23,1676
4. London (Europe),5,Friday,0,1062
4. London (Europe),5,Friday,1,855
4. London (Europe),5,Friday,2,551
4. London (Europe),5,Friday,3,437
4. London (Europe),5,Friday,4,364
4. London (Europe),5,Friday,5,358
4. London (Europe),5,Friday,6,287
4. London (Europe),5,Friday,7,477
4. London (Europe),5,Friday,8,1112
4. London (Europe),5,Friday,9,1883
4. London (Europe),5,Friday,10,2275
4. London (Europe),5,Friday,11,2144
4. London (Europe),5,Friday,12,2007
4. London (Europe),5,Friday,13,2221
4. London (Europe),5,Friday,14,3153
4. London (Europe),5,Friday,15,3697
4. London (Europe),5,Friday,16,3872
4. London (Europe),5,Friday,17,3510
4. London (Europe),5,Friday,18,2501
4. London (Europe),5,Friday,19,2280
4. London (Europe),5,Friday,20,2084
4. London (Europe),5,Friday,21,2096
4. London (Europe),5,Friday,22,1819
4. London (Europe),5,Friday,23,1309
4. London (Europe),6,Saturday,0,665
4. London (Europe),6,Saturday,1,586
4. London (Europe),6,Saturday,2,349
4. London (Europe),6,Saturday,3,309
4. London (Europe),6,Saturday,4,228
4. London (Europe),6,Saturday,5,185
4. London (Europe),6,Saturday,6,131
4. London (Europe),6,Saturday,7,129
4. London (Europe),6,Saturday,8,147
4. London (Europe),6,Saturday,9,167
4. London (Europe),6,Saturday,10,173
4. London (Europe),6,Saturday,11,188
4. London (Europe),6,Saturday,12,179
4. London (Europe),6,Saturday,13,213
4. London (Europe),6,Saturday,14,203
4. London (Europe),6,Saturday,15,250
4. London (Europe),6,Saturday,16,272
4. London (Europe),6,Saturday,17,255
4. London (Europe),6,Saturday,18,205
4. London (Europe),6,Saturday,19,173
4. London (Europe),6,Saturday,20,189
4. London (Europe),6,Saturday,21,145
4. London (Europe),6,Saturday,22,182
4. London (Europe),6,Saturday,23,157
4. London (Europe),7,Sunday,0,144
4. London (Europe),7,Sunday,1,118
4. London (Europe),7,Sunday,2,114
4. London (Europe),7,Sunday,3,95
4. London (Europe),7,Sunday,4,99
4. London (Europe),7,Sunday,5,69
4. London (Europe),7,Sunday,6,71
4. London (Europe),7,Sunday,7,64
4. London (Europe),7,Sunday,8,105
4. London (Europe),7,Sunday,9,158
4. London (Europe),7,Sunday,10,186
4. London (Europe),7,Sunday,11,191
4. London (Europe),7,Sunday,12,183
4. London (Europe),7,Sunday,13,216
4. London (Europe),7,Sunday,14,228
4. London (Europe),7,Sunday,15,223
4. London (Europe),7,Sunday,16,281
4. London (Europe),7,Sunday,17,291
4. London (Europe),7,Sunday,18,297
4. London (Europe),7,Sunday,19,291
4. London (Europe),7,Sunday,20,342
4. London (Europe),7,Sunday,21,345
4. London (Europe),7,Sunday,22,316
4. London (Europe),7,Sunday,23,287
5. Sender's Local Time,1,Monday,0,1151
5. Sender's Local Time,1,Monday,1,1871
5. Sender's Local Time,1,Monday,2,2377
5. Sender's Local Time,1,Monday,3,2311
5. Sender's Local Time,1,Monday,4,2288
5. Sender's Local Time,1,Monday,5,2587
5. Sender's Local Time,1,Monday,6,3621
5. Sender's Local Time,1,Monday,7,4340
5. Sender's Local Time,1,Monday,8,4486
5. Sender's Local Time,1,Monday,9,3799
5. Sender's Local Time,1,Monday,10,2987
5. Sender's Local Time,1,Monday,11,2913
5. Sender's Local Time,1,Monday,12,2664
5. Sender's Local Time,1,Monday,13,2586
5. Sender's Local Time,1,Monday,14,2442
5. Sender's Local Time,1,Monday,15,1827
5. Sender's Local Time,1,Monday,16,1410
5. Sender's Local Time,1,Monday,17,891
5. Sender's Local Time,1,Monday,18,653
5. Sender's Local Time,1,Monday,19,544
5. Sender's Local Time,1,Monday,20,441
5. Sender's Local Time,1,Monday,21,347
5. Sender's Local Time,1,Monday,22,359
5. Sender's Local Time,1,Monday,23,569
5. Sender's Local Time,2,Tuesday,0,1301
5. Sender's Local Time,2,Tuesday,1,2201
5. Sender's Local Time,2,Tuesday,2,2729
5. Sender's Local Time,2,Tuesday,3,2539
5. Sender's Local Time,2,Tuesday,4,2266
5. Sender's Local Time,2,Tuesday,5,2655
5. Sender's Local Time,2,Tuesday,6,3803
5. Sender's Local Time,2,Tuesday,7,4391
5. Sender's Local Time,2,Tuesday,8,4622
5. Sender's Local Time,2,Tuesday,9,4166
5. Sender's Local Time,2,Tuesday,10,3229
5. Sender's Local Time,2,Tuesday,11,2972
5. Sender's Local Time,2,Tuesday,12,2673
5. Sender's Local Time,2,Tuesday,13,2475
5. Sender's Local Time,2,Tuesday,14,2382
5. Sender's Local Time,2,Tuesday,15,2462
5. Sender's Local Time,2,Tuesday,16,1314
5. Sender's Local Time,2,Tuesday,17,889
5. Sender's Local Time,2,Tuesday,18,635
5. Sender's Local Time,2,Tuesday,19,516
5. Sender's Local Time,2,Tuesday,20,391
5. Sender's Local Time,2,Tuesday,21,346
5. Sender's Local Time,2,Tuesday,22,331
5. Sender's Local Time,2,Tuesday,23,607
5. Sender's Local Time,3,Wednesday,0,1415
5. Sender's Local Time,3,Wednesday,1,2311
5. Sender's Local Time,3,Wednesday,2,2511
5. Sender's Local Time,3,Wednesday,3,2503
5. Sender's Local Time,3,Wednesday,4,2198
5. Sender's Local Time,3,Wednesday,5,2599
5. Sender's Local Time,3,Wednesday,6,3803
5. Sender's Local Time,3,Wednesday,7,4217
5. Sender's Local Time,3,Wednesday,8,4601
5. Sender's Local Time,3,Wednesday,9,4110
5. Sender's Local Time,3,Wednesday,10,3095
5. Sender's Local Time,3,Wednesday,11,2743
5. Sender's Local Time,3,Wednesday,12,2527
5. Sender's Local Time,3,Wednesday,13,2402
5. Sender's Local Time,3,Wednesday,14,2191
5. Sender's Local Time,3,Wednesday,15,1777
5. Sender's Local Time,3,Wednesday,16,2240
5. Sender's Local Time,3,Wednesday,17,902
5. Sender's Local Time,3,Wednesday,18,580
5. Sender's Local Time,3,Wednesday,19,449
5. Sender's Local Time,3,Wednesday,20,367
5. Sender's Local Time,3,Wednesday,21,353
5. Sender's Local Time,3,Wednesday,22,360
5. Sender's Local Time,3,Wednesday,23,520
5. Sender's Local Time,4,Thursday,0,1196
5. Sender's Local Time,4,Thursday,1,1988
5. Sender's Local Time,4,Thursday,2,2350
5. Sender's Local Time,4,Thursday,3,2332
5. Sender's Local Time,4,Thursday,4,2066
5. Sender's Local Time,4,Thursday,5,2398
5. Sender's Local Time,4,Thursday,6,3275
5. Sender's Local Time,4,Thursday,7,4051
5. Sender's Local Time,4,Thursday,8,4124
5. Sender's Local Time,4,Thursday,9,3782
5. Sender's Local Time,4,Thursday,10,3009
5. Sender's Local Time,4,Thursday,11,2688
5. Sender's Local Time,4,Thursday,12,2397
5. Sender's Local Time,4,Thursday,13,2281
5. Sender's Local Time,4,Thursday,14,2203
5. Sender's Local Time,4,Thursday,15,1668
5. Sender's Local Time,4,Thursday,16,1070
5. Sender's Local Time,4,Thursday,17,852
5. Sender's Local Time,4,Thursday,18,547
5. Sender's Local Time,4,Thursday,19,442
5. Sender's Local Time,4,Thursday,20,352
5. Sender's Local Time,4,Thursday,21,357
5. Sender's Local Time,4,Thursday,22,290
5. Sender's Local Time,4,Thursday,23,483
5. Sender's Local Time,5,Friday,0,1138
5. Sender's Local Time,5,Friday,1,1886
5. Sender's Local Time,5,Friday,2,2287
5. Sender's Local Time,5,Friday,3,2157
5. Sender's Local Time,5,Friday,4,1977
5. Sender's Local Time,5,Friday,5,2244
5. Sender's Local Time,5,Friday,6,3134
5. Sender's Local Time,5,Friday,7,3707
5. Sender's Local Time,5,Friday,8,3894
5. Sender's Local Time,5,Friday,9,3473
5. Sender's Local Time,5,Friday,10,2486
5. Sender's Local Time,5,Friday,11,2279
5. Sender's Local Time,5,Friday,12,2083
5. Sender's Local Time,5,Friday,13,2112
5. Sender's Local Time,5,Friday,14,1797
5. Sender's Local Time,5,Friday,15,1309
5. Sender's Local Time,5,Friday,16,659
5. Sender's Local Time,5,Friday,17,591
5. Sender's Local Time,5,Friday,18,352
5. Sender's Local Time,5,Friday,19,307
5. Sender's Local Time,5,Friday,20,223
5. Sender's Local Time,5,Friday,21,186
5. Sender's Local Time,5,Friday,22,128
5. Sender's Local Time,5,Friday,23,128
5. Sender's Local Time,6,Saturday,0,148
5. Sender's Local Time,6,Saturday,1,172
5. Sender's Local Time,6,Saturday,2,182
5. Sender's Local Time,6,Saturday,3,175
5. Sender's Local Time,6,Saturday,4,179
5. Sender's Local Time,6,Saturday,5,213
5. Sender's Local Time,6,Saturday,6,202
5. Sender's Local Time,6,Saturday,7,250
5. Sender's Local Time,6,Saturday,8,271
5. Sender's Local Time,6,Saturday,9,258
5. Sender's Local Time,6,Saturday,10,202
5. Sender's Local Time,6,Saturday,11,173
5. Sender's Local Time,6,Saturday,12,191
5. Sender's Local Time,6,Saturday,13,145
5. Sender's Local Time,6,Saturday,14,180
5. Sender's Local Time,6,Saturday,15,157
5. Sender's Local Time,6,Saturday,16,144
5. Sender's Local Time,6,Saturday,17,116
5. Sender's Local Time,6,Saturday,18,107
5. Sender's Local Time,6,Saturday,19,101
5. Sender's Local Time,6,Saturday,20,100
5. Sender's Local Time,6,Saturday,21,68
5. Sender's Local Time,6,Saturday,22,70
5. Sender's Local Time,6,Saturday,23,69
5. Sender's Local Time,7,Sunday,0,98
5. Sender's Local Time,7,Sunday,1,165
5. Sender's Local Time,7,Sunday,2,188
5. Sender's Local Time,7,Sunday,3,190
5. Sender's Local Time,7,Sunday,4,192
5. Sender's Local Time,7,Sunday,5,206
5. Sender's Local Time,7,Sunday,6,227
5. Sender's Local Time,7,Sunday,7,234
5. Sender's Local Time,7,Sunday,8,276
5. Sender's Local Time,7,Sunday,9,294
5. Sender's Local Time,7,Sunday,10,302
5. Sender's Local Time,7,Sunday,11,279
5. Sender's Local Time,7,Sunday,12,342
5. Sender's Local Time,7,Sunday,13,346
5. Sender's Local Time,7,Sunday,14,314
5. Sender's Local Time,7,Sunday,15,286
5. Sender's Local Time,7,Sunday,16,259
5. Sender's Local Time,7,Sunday,17,252
5. Sender's Local Time,7,Sunday,18,224
5. Sender's Local Time,7,Sunday,19,212
5. Sender's Local Time,7,Sunday,20,169
5. Sender's Local Time,7,Sunday,21,182
5. Sender's Local Time,7,Sunday,22,272
5. Sender's Local Time,7,Sunday,23,449
